City_ID,City,Country,Date,Lat,Lng,Max Temp,Humidity,Cloudiness,Wind Speed
0,Verkhnevilyuysk,RU,2021-06-07 04:24:45,63.4453,120.3167,58.37,28,29,16.62
1,Ayan,RU,2021-06-07 04:21:26,56.45,138.1667,42.53,89,93,4.54
2,Middelburg,ZA,2021-06-07 04:24:55,-25.7751,29.4648,39.81,81,0,4.25
3,Liwale,TZ,2021-06-07 04:24:55,-9.7667,37.9333,61.09,81,0,6.31
4,Victoria,HK,2021-06-07 04:21:31,22.2855,114.1577,89.65,81,59,5.01
5,Khatanga,RU,2021-06-07 04:24:49,71.9667,102.5,38.26,64,97,11.48
6,Kupang,ID,2021-06-07 04:23:43,-10.1667,123.5833,86.58,58,20,14.97
7,Kapaa,US,2021-06-07 04:24:44,22.0752,-159.319,84.18,71,40,4.0
8,Ushuaia,AR,2021-06-07 04:24:56,-54.8,-68.3,44.26,61,40,0.0
9,Port-Gentil,GA,2021-06-07 04:23:24,-0.7193,8.7815,77.99,88,100,8.25
10,Doha,QA,2021-06-07 04:24:56,25.2867,51.5333,94.98,53,0,10.36
11,Port Hardy,CA,2021-06-07 04:24:57,50.6996,-127.4199,51.98,82,75,0.0
12,Pilar,BR,2021-06-07 04:24:57,-9.5972,-35.9567,71.53,94,35,1.95
13,Thompson,CA,2021-06-07 04:24:57,55.7435,-97.8558,53.76,87,90,10.36
14,Bo Phloi,TH,2021-06-07 04:24:58,14.3236,99.5161,91.31,47,100,13.53
15,Geraldton,AU,2021-06-07 04:24:58,-28.7667,114.6,66.61,55,100,17.65
16,Lingsugur,IN,2021-06-07 04:24:58,16.1667,76.5167,82.15,60,73,16.71
17,Tiksi,RU,2021-06-07 04:24:59,71.6872,128.8694,42.22,70,100,5.44
18,Makungu,TZ,2021-06-07 04:24:59,-8.7333,35.2833,53.2,97,49,3.29
19,Bonavista,CA,2021-06-07 04:24:59,48.6499,-53.1147,35.6,81,94,4.07
20,Mar Del Plata,AR,2021-06-07 04:24:04,-38.0023,-57.5575,51.87,70,0,5.01
21,Arraial Do Cabo,BR,2021-06-07 04:22:14,-22.9661,-42.0278,71.78,87,20,6.71
22,Mocajuba,BR,2021-06-07 04:25:00,-2.5842,-49.5072,74.66,89,72,2.98
23,Qaanaaq,GL,2021-06-07 04:21:31,77.484,-69.3632,38.55,73,40,6.17
24,Talnakh,RU,2021-06-07 04:24:18,69.4865,88.3972,32.65,94,100,6.02
25,Hobart,AU,2021-06-07 04:20:21,-42.8794,147.3294,64.26,48,75,11.01
26,Qaqortoq,GL,2021-06-07 04:23:17,60.7167,-46.0333,55.9,85,100,5.64
27,Luderitz,NA,2021-06-07 04:25:01,-26.6481,15.1594,64.8,36,1,8.61
28,Mpraeso,GH,2021-06-07 04:25:01,6.5932,-0.7346,68.97,98,59,2.44
29,Kahului,US,2021-06-07 04:25:03,20.8947,-156.47,80.62,71,40,17.27
30,Bluff,NZ,2021-06-07 04:21:29,-46.6,168.3333,49.8,73,7,7.23
31,Mataura,NZ,2021-06-07 04:25:03,-46.1927,168.8643,49.48,76,0,2.82
32,Jamestown,US,2021-06-07 04:20:37,42.097,-79.2353,70.34,79,1,9.22
33,Hithadhoo,MV,2021-06-07 04:25:04,-0.6,73.0833,83.34,72,24,12.24
34,Baghdad,IQ,2021-06-07 04:24:25,33.3406,44.4009,88.29,14,0,13.31
35,Mikhaylovskoye,RU,2021-06-07 04:25:04,51.8239,79.7172,74.77,32,0,8.59
36,Tuktoyaktuk,CA,2021-06-07 04:20:40,69.4541,-133.0374,35.6,80,40,12.66
37,Castro-Urdiales,ES,2021-06-07 04:25:05,43.3829,-3.2204,57.34,86,28,3.83
38,Puerto Ayora,EC,2021-06-07 04:22:21,-0.7393,-90.3518,72.55,98,24,9.19
39,Cape Town,ZA,2021-06-07 04:21:40,-33.9258,18.4232,66.61,37,0,10.0
40,Haines Junction,CA,2021-06-07 04:25:05,60.7522,-137.5108,48.15,93,100,1.14
41,Busselton,AU,2021-06-07 04:24:44,-33.65,115.3333,61.05,59,51,9.46
42,Krasnaya Gorbatka,RU,2021-06-07 04:25:06,55.8703,41.7641,60.26,85,82,3.56
43,Cayenne,GF,2021-06-07 04:25:06,4.9333,-52.3333,79.09,87,90,1.01
44,Yellowknife,CA,2021-06-07 04:23:02,62.456,-114.3525,46.92,71,75,4.0
45,Mezhdurechensk,RU,2021-06-07 04:25:06,53.6942,88.0603,69.06,55,16,2.08
46,Sorland,NO,2021-06-07 04:23:43,67.667,12.6934,51.87,97,100,4.74
47,Lingyuan,CN,2021-06-07 04:25:07,41.24,119.4011,64.04,69,100,4.05
48,Aitape,PG,2021-06-07 04:25:07,-3.1374,142.3475,81.66,78,100,3.11
49,Fomboni,KM,2021-06-07 04:25:07,-12.28,43.7425,79.25,69,93,18.14
50,Ponta Do Sol,PT,2021-06-07 04:25:06,32.6667,-17.1,66.83,78,12,5.39
51,Kruisfontein,ZA,2021-06-07 04:25:08,-34.0033,24.7314,56.26,30,0,9.71
52,Albany,US,2021-06-07 04:20:37,42.6001,-73.9662,72.16,78,15,3.76
53,Acapulco,MX,2021-06-07 04:22:42,16.8634,-99.8901,83.16,80,100,8.25
54,Hermanus,ZA,2021-06-07 04:20:42,-34.4187,19.2345,54.81,48,2,11.97
55,Nadym,RU,2021-06-07 04:25:08,65.5333,72.5167,44.11,48,39,7.61
56,Bambous Virieux,MU,2021-06-07 04:24:47,-20.3428,57.7575,76.21,78,75,18.37
57,Debre Birhan,ET,2021-06-07 04:25:09,9.6833,39.5333,54.88,52,75,1.01
58,Puerto Leguizamo,CO,2021-06-07 04:25:09,-0.1934,-74.7819,71.02,99,99,1.88
59,Mahebourg,MU,2021-06-07 04:22:08,-20.4081,57.7,76.24,78,75,9.22
60,Vangaindrano,MG,2021-06-07 04:25:10,-23.35,47.6,64.33,82,84,8.25
61,Shelburne,CA,2021-06-07 04:24:56,44.0787,-80.2041,71.49,48,20,10.0
62,Sosnovka,RU,2021-06-07 04:25:10,56.255,51.2842,67.46,59,5,1.66
63,Serrana,BR,2021-06-07 04:25:10,-21.2114,-47.5956,64.35,67,11,2.51
64,Atuona,PF,2021-06-07 04:25:11,-9.8,-139.0333,80.22,66,6,10.98
65,Dikson,RU,2021-06-07 04:21:12,73.5069,80.5464,30.06,94,100,13.02
66,Longyearbyen,SJ,2021-06-07 04:25:11,78.2186,15.6401,35.44,80,75,2.3
67,Poum,NC,2021-06-07 04:25:11,-20.2333,164.0167,73.62,62,99,16.02
68,Port Alfred,ZA,2021-06-07 04:21:34,-33.5906,26.891,62.11,36,0,8.59
69,Vila Velha,BR,2021-06-07 04:25:12,-20.3297,-40.2925,69.94,97,0,1.99
70,Rikitea,PF,2021-06-07 04:20:39,-23.1203,-134.9692,76.53,85,100,15.95
71,Huarmey,PE,2021-06-07 04:23:47,-10.0681,-78.1522,64.69,85,88,6.4
72,Axim,GH,2021-06-07 04:25:12,4.8699,-2.2405,78.3,86,30,7.38
73,Tecoanapa,MX,2021-06-07 04:25:13,16.5167,-98.75,83.16,79,94,8.66
74,Lakes Entrance,AU,2021-06-07 04:25:13,-37.8811,147.981,62.19,51,88,13.62
75,Kisesa,TZ,2021-06-07 04:25:13,-3.0833,34.15,58.46,79,3,6.4
76,Homer,US,2021-06-07 04:25:13,59.6425,-151.5483,59.77,60,1,11.5
77,Barrow,US,2021-06-07 04:25:14,71.2906,-156.7887,32.02,86,90,13.8
78,Lebu,CL,2021-06-07 04:22:24,-37.6167,-73.65,47.43,82,98,7.61
79,La Ronge,CA,2021-06-07 04:25:14,55.1001,-105.2842,53.85,71,75,0.0
80,Quila,MX,2021-06-07 04:25:15,24.4228,-107.22,84.31,65,42,2.19
81,Ostrovnoy,RU,2021-06-07 04:25:10,68.0531,39.5131,39.94,72,32,5.48
82,Broome,US,2021-06-07 04:21:48,42.2506,-75.833,72.54,78,53,2.98
83,Bocos,PH,2021-06-07 04:25:15,16.9265,121.0573,76.6,75,100,2.84
84,Hualmay,PE,2021-06-07 04:25:15,-11.0964,-77.6139,63.0,86,35,5.91
85,Kalmar,SE,2021-06-07 04:25:16,56.6616,16.3616,59.97,88,0,3.44
86,Castro,BR,2021-06-07 04:25:16,-24.7911,-50.0119,57.02,92,100,6.26
87,Chupa,RU,2021-06-07 04:25:16,66.27,33.0549,50.52,52,12,5.39
88,Los Llanos De Aridane,ES,2021-06-07 04:25:17,28.6585,-17.9182,64.15,82,90,12.1
89,Carnarvon,AU,2021-06-07 04:21:36,-24.8667,113.6333,77.07,47,100,10.36
90,Freeport,US,2021-06-07 04:23:53,40.6576,-73.5832,83.39,76,1,1.01
91,Meulaboh,ID,2021-06-07 04:25:17,4.1363,96.1285,83.07,66,100,6.73
92,Saint-Philippe,RE,2021-06-07 04:22:42,-21.3585,55.7679,71.15,83,97,17.4
93,Bure,ET,2021-06-07 04:25:18,10.7,37.0667,60.19,59,46,3.24
94,Chuy,UY,2021-06-07 04:24:06,-33.6971,-53.4616,50.22,79,11,5.97
95,Pascagoula,US,2021-06-07 04:24:39,30.3658,-88.5561,73.44,96,1,11.59
96,Ulaanbaatar,MN,2021-06-07 04:25:18,47.9077,106.8832,46.53,66,75,10.42
97,Kenai,US,2021-06-07 04:25:18,60.5544,-151.2583,69.03,46,1,18.41
98,Nelson Bay,AU,2021-06-07 04:25:19,-32.7167,152.15,68.76,65,81,1.99
99,Kaeo,NZ,2021-06-07 04:25:19,-35.1,173.7833,62.33,95,100,12.03
100,Vaini,TO,2021-06-07 04:23:55,-21.2,-175.2,71.76,100,90,5.75
101,Guerrero Negro,MX,2021-06-07 04:25:19,27.9769,-114.0611,62.69,78,92,14.99
102,Muroto,JP,2021-06-07 04:25:19,33.2833,134.15,75.24,80,100,7.67
103,Dingle,PH,2021-06-07 04:25:20,10.9995,122.6711,87.33,62,100,5.32
104,Padang,ID,2021-06-07 04:20:28,-0.9492,100.3543,84.25,61,9,4.88
105,Avarua,CK,2021-06-07 04:25:20,-21.2078,-159.775,71.65,78,94,2.3
106,Along,IN,2021-06-07 04:25:21,28.1667,94.7667,73.18,97,100,1.95
107,Lasa,IT,2021-06-07 04:25:21,46.6166,10.7002,59.88,93,100,1.61
108,Kavieng,PG,2021-06-07 04:25:21,-2.5744,150.7967,83.32,71,14,5.32
109,Korla,CN,2021-06-07 04:25:22,41.7597,86.1469,81.34,25,27,2.71
110,Lagoa,PT,2021-06-07 04:24:11,39.05,-27.9833,63.57,90,100,13.15
111,Lashio,MM,2021-06-07 04:25:22,22.9333,97.75,79.81,78,99,1.23
112,Punta Arenas,CL,2021-06-07 04:20:41,-53.15,-70.9167,35.71,87,0,10.47
113,Narsaq,GL,2021-06-07 04:25:23,60.9167,-46.05,55.62,79,100,2.59
114,Westport,US,2021-06-07 04:25:23,41.1415,-73.3579,80.37,81,1,1.01
115,Santa Rosa,PH,2021-06-07 04:25:23,14.3122,121.1114,93.09,63,79,2.68
116,Chaman,PK,2021-06-07 04:25:24,30.9236,66.4512,90.19,24,0,9.37
117,Muravlenko,RU,2021-06-07 04:25:24,63.7898,74.523,44.78,42,47,6.8
118,Maarianhamina,AX,2021-06-07 04:22:09,60.0973,19.9348,60.66,82,0,0.0
119,Quatre Cocos,MU,2021-06-07 04:25:24,-20.2078,57.7625,76.08,80,52,17.98
120,Bambanglipuro,ID,2021-06-07 04:25:25,-7.95,110.2833,68.61,68,48,8.61
121,Tasiilaq,GL,2021-06-07 04:21:42,65.6145,-37.6368,42.96,90,97,2.91
122,Bandarbeyla,SO,2021-06-07 04:24:19,9.4942,50.8122,81.39,72,2,25.97
123,Iqaluit,CA,2021-06-07 04:24:23,63.7506,-68.5145,31.73,93,90,3.0
124,Aswan,EG,2021-06-07 04:22:49,24.0934,32.907,80.29,19,0,13.6
125,Tura,IN,2021-06-07 04:25:25,25.5198,90.2201,84.15,71,35,6.55
126,Rio Grande,BR,2021-06-07 04:25:25,-32.035,-52.0986,57.16,77,9,10.51
127,Butaritari,KI,2021-06-07 04:23:44,3.0707,172.7902,82.94,72,23,7.87
128,Ambon,ID,2021-06-07 04:23:08,-3.6954,128.1814,84.34,74,40,11.43
129,Porto Novo,BJ,2021-06-07 04:22:43,6.4965,2.6036,80.42,89,53,2.17
130,Nabire,ID,2021-06-07 04:21:52,-3.3667,135.4833,81.41,83,85,2.26
131,Tongchuan,CN,2021-06-07 04:25:26,35.0806,109.0897,91.22,22,92,4.76
132,Waw,SS,2021-06-07 04:25:27,7.7029,27.9953,71.31,93,100,3.42
133,Ribeira Grande,PT,2021-06-07 04:25:27,38.5167,-28.7,64.99,91,100,9.48
134,Yarega,RU,2021-06-07 04:25:27,63.4354,53.5765,44.44,44,3,11.25
135,Oskarshamn,SE,2021-06-07 04:25:28,57.2645,16.4484,59.81,70,13,2.77
136,Kaitangata,NZ,2021-06-07 04:25:28,-46.2817,169.8464,53.92,78,0,8.5
137,Tevaitoa,PF,2021-06-07 04:25:28,-16.7833,-151.5,81.05,77,25,10.6
138,Hervey Bay,AU,2021-06-07 04:25:29,-25.2986,152.8535,68.83,62,90,11.43
139,Sorong,ID,2021-06-07 04:25:29,-0.8833,131.25,83.82,72,86,6.78
140,Denpasar,ID,2021-06-07 04:25:29,-8.65,115.2167,85.66,79,20,6.6
141,Bontang,ID,2021-06-07 04:25:30,0.1333,117.5,77.72,90,100,8.46
142,Port Elizabeth,ZA,2021-06-07 04:25:30,-33.918,25.5701,55.69,41,0,3.44
143,Salalah,OM,2021-06-07 04:25:30,17.0151,54.0924,84.29,89,75,6.91
144,Adamas,GR,2021-06-07 04:25:31,36.7333,24.4333,63.82,76,8,3.96
145,Lompoc,US,2021-06-07 04:25:31,34.6391,-120.4579,60.39,87,90,7.02
146,Hovd,MN,2021-06-07 04:25:31,48.0056,91.6419,54.3,36,0,7.74
147,Rundu,NA,2021-06-07 04:25:31,-17.9333,19.7667,44.49,71,6,6.55
148,Alofi,NU,2021-06-07 04:22:11,-19.0595,-169.9187,78.69,69,8,5.75
149,Comodoro Rivadavia,AR,2021-06-07 04:25:32,-45.8667,-67.5,53.46,40,0,21.85
150,Tagusao,PH,2021-06-07 04:25:32,9.1924,117.8141,85.37,74,92,8.48
151,Solano,US,2021-06-07 04:25:32,38.2333,-121.9511,73.11,51,1,18.41
152,Ranong,TH,2021-06-07 04:25:33,9.9658,98.6348,82.33,81,100,7.31
153,Klaksvik,FO,2021-06-07 04:25:33,62.2266,-6.589,49.12,92,100,4.41
154,Gusau,NG,2021-06-07 04:25:33,12.1628,6.6614,79.5,60,97,9.64
155,Todos Santos,MX,2021-06-07 04:25:34,23.45,-110.2167,87.3,80,35,2.84
156,East London,ZA,2021-06-07 04:23:58,-33.0153,27.9116,63.54,36,0,8.05
157,Sao Paulo De Olivenca,BR,2021-06-07 04:25:34,-3.3783,-68.8725,72.52,99,96,1.68
158,Bredasdorp,ZA,2021-06-07 04:21:03,-34.5322,20.0403,61.92,39,4,8.25
159,Betanzos,ES,2021-06-07 04:25:34,43.2804,-8.2147,58.66,90,19,3.0
160,Deputatskiy,RU,2021-06-07 04:25:35,69.3,139.9,50.4,42,88,14.43
161,Santiago,CL,2021-06-07 04:25:35,-33.4569,-70.6483,61.18,63,90,1.97
162,Kirakira,SB,2021-06-07 04:25:35,-10.4544,161.9205,82.24,78,37,7.0
163,Upata,VE,2021-06-07 04:25:36,8.0086,-62.3989,70.21,96,63,5.03
164,Flinders,AU,2021-06-07 04:21:35,-34.5833,150.8552,70.18,58,99,4.0
165,Santa Marinella,IT,2021-06-07 04:25:36,42.0345,11.8536,63.7,94,100,6.06
166,High Rock,BS,2021-06-07 04:25:36,26.6208,-78.2833,78.82,74,99,16.8
167,Salina Cruz,MX,2021-06-07 04:25:37,16.1667,-95.2,83.79,80,92,9.6
168,Kawalu,ID,2021-06-07 04:25:37,-7.3817,108.2082,85.14,61,75,4.38
169,Chokurdakh,RU,2021-06-07 04:22:00,70.6333,147.9167,46.04,50,44,6.11
170,Biak,ID,2021-06-07 04:25:37,-0.9131,122.8766,82.51,69,86,6.44
171,Aparan,AM,2021-06-07 04:25:38,40.5932,44.3589,46.9,74,15,0.96
172,Atasu,KZ,2021-06-07 04:22:45,48.6814,71.6433,71.04,26,100,13.29
173,Prochnookopskaya,RU,2021-06-07 04:25:38,45.0666,41.1175,60.46,85,100,5.86
174,Athabasca,CA,2021-06-07 04:25:38,54.7169,-113.2854,58.69,60,21,6.26
175,Mehamn,NO,2021-06-07 04:25:39,71.0357,27.8492,42.75,70,0,10.36
176,Den Helder,NL,2021-06-07 04:25:39,52.9599,4.7593,55.38,94,20,3.44
177,Belaya Gora,RU,2021-06-07 04:25:39,68.5333,146.4167,51.21,48,28,5.21
178,Hilo,US,2021-06-07 04:21:58,19.7297,-155.09,77.29,78,90,4.61
179,Dire Dawa,ET,2021-06-07 04:25:40,9.5931,41.8661,72.73,59,11,7.14
180,Marabba,SD,2021-06-07 04:25:40,12.35,32.1833,82.9,56,42,10.78
181,Abu Dhabi,AE,2021-06-07 04:25:40,24.4667,54.3667,91.51,62,0,11.05
182,Itarema,BR,2021-06-07 04:21:31,-2.9248,-39.9167,75.92,87,12,7.92
183,Constitucion,CL,2021-06-07 04:20:56,-35.3333,-72.4167,52.12,63,100,4.81
184,Zyryanka,RU,2021-06-07 04:25:41,65.75,150.85,45.73,79,100,3.96
185,Diamantino,BR,2021-06-07 04:25:41,-14.4086,-56.4461,72.75,60,86,4.32
186,Portland,US,2021-06-07 04:23:29,45.5234,-122.6762,55.98,66,46,1.01
187,Saldanha,ZA,2021-06-07 04:25:42,-33.0117,17.9442,68.05,38,2,27.07
188,Kashan,IR,2021-06-07 04:25:42,33.9831,51.4364,86.04,12,0,4.94
189,Utrecht,NL,2021-06-07 04:21:48,52.0,5.25,54.99,82,4,4.56
190,Margate,GB,2021-06-07 04:25:09,51.3813,1.3862,59.04,90,16,1.01
191,Souillac,MU,2021-06-07 04:22:18,-20.5167,57.5167,76.35,78,75,18.34
192,Nacozari,MX,2021-06-07 04:25:43,25.3366,-108.2574,80.06,56,12,4.03
193,Chipinge,ZW,2021-06-07 04:25:43,-20.1883,32.6236,48.33,97,61,3.18
194,Yulara,AU,2021-06-07 04:25:43,-25.2406,130.9889,69.64,26,56,6.91
195,Mackenzie,CA,2021-06-07 04:25:44,55.2999,-123.1698,53.82,54,75,4.61
196,Baykit,RU,2021-06-07 04:24:23,61.67,96.37,44.76,84,99,7.52
197,Kisanga,TZ,2021-06-07 04:25:44,-7.4362,37.7034,69.35,77,86,3.47
198,Coihaique,CL,2021-06-07 04:25:44,-45.5752,-72.0662,42.75,87,75,3.44
199,Scranton,US,2021-06-07 04:25:45,41.409,-75.6624,74.03,82,1,4.61
200,Awbari,LY,2021-06-07 04:25:45,26.5921,12.7805,78.01,20,53,7.11
201,Cabo San Lucas,MX,2021-06-07 04:24:48,22.8909,-109.9124,87.8,62,11,11.41
202,San Rafael,AR,2021-06-07 04:24:15,-34.6177,-68.3301,50.0,63,22,1.41
203,Tarbes,FR,2021-06-07 04:25:45,43.25,0.1667,55.51,94,40,3.58
204,Champerico,GT,2021-06-07 04:25:46,14.3,-91.9167,83.35,75,25,3.36
205,Quelimane,MZ,2021-06-07 04:25:46,-17.8786,36.8883,60.75,94,40,4.61
206,Berlevag,NO,2021-06-07 04:24:30,70.8578,29.0864,42.8,65,1,3.42
207,Hasaki,JP,2021-06-07 04:24:30,35.7333,140.8333,79.09,79,100,2.04
208,Beringovskiy,RU,2021-06-07 04:23:02,63.05,179.3167,34.47,99,100,3.85
209,Sobolevo,RU,2021-06-07 04:25:47,54.4299,31.8996,57.7,89,96,4.88
210,Mount Isa,AU,2021-06-07 04:25:47,-20.7333,139.5,78.57,27,0,10.36
211,Georgetown,MY,2021-06-07 04:21:00,5.4112,100.3354,87.89,71,20,4.61
212,Maryborough,AU,2021-06-07 04:25:47,-25.5333,152.7,69.13,57,68,6.33
213,Anadyr,RU,2021-06-07 04:25:48,64.75,177.4833,43.3,65,40,7.92
214,Dhidhdhoo,MV,2021-06-07 04:25:48,6.8833,73.1,82.45,77,84,14.65
215,Touros,BR,2021-06-07 04:24:22,-5.1989,-35.4608,74.3,86,42,12.93
216,North Myrtle Beach,US,2021-06-07 04:24:55,33.816,-78.68,77.13,96,1,4.61
217,Foki,RU,2021-06-07 04:25:49,56.693,54.3499,67.51,55,16,3.11
218,Sungairaya,ID,2021-06-07 04:25:49,0.7,108.9,87.84,62,40,7.87
219,Byron Bay,AU,2021-06-07 04:25:49,-28.65,153.6167,70.05,60,12,4.97
220,Henties Bay,NA,2021-06-07 04:25:49,-22.116,14.2845,65.91,52,0,9.26
221,Tommot,RU,2021-06-07 04:25:50,58.9564,126.2925,56.48,68,100,10.94
222,Khandyga,RU,2021-06-07 04:25:50,62.6667,135.6,82.89,34,100,14.7
223,Sambava,MG,2021-06-07 04:21:59,-14.2667,50.1667,72.95,82,41,13.38
224,Villa Carlos Paz,AR,2021-06-07 04:25:50,-31.4241,-64.4978,43.39,65,100,2.15
225,Phibun Mangsahan,TH,2021-06-07 04:25:51,15.2447,105.2291,89.11,56,100,10.2
226,Mount Gambier,AU,2021-06-07 04:21:38,-37.8333,140.7667,64.31,55,100,19.57
227,Bela Vista Do Paraiso,BR,2021-06-07 04:25:51,-22.9967,-51.1906,61.84,65,89,4.21
228,San Andres,CO,2021-06-07 04:25:52,12.5847,-81.7006,82.42,78,40,17.27
229,Muros,ES,2021-06-07 04:22:45,42.7762,-9.0603,59.23,89,74,7.92
230,Namibe,AO,2021-06-07 04:25:07,-15.1961,12.1522,75.06,42,2,9.06
231,Port Lincoln,AU,2021-06-07 04:23:52,-34.7333,135.8667,58.55,84,44,23.8
232,Winsum,NL,2021-06-07 04:25:52,53.33,6.5208,55.98,93,5,6.82
233,Torbay,CA,2021-06-07 04:25:52,47.6666,-52.7314,39.27,92,90,9.22
234,Chapais,CA,2021-06-07 04:25:53,49.7834,-74.8492,69.58,80,74,9.73
235,Dawlatabad,AF,2021-06-07 04:25:53,36.4141,64.9053,91.71,21,0,8.14
236,Kodinar,IN,2021-06-07 04:25:53,20.7903,70.7031,87.69,62,17,9.62
237,Ducheng,CN,2021-06-07 04:25:54,23.2373,111.5317,90.5,52,1,4.07
238,Kodiak,US,2021-06-07 04:24:26,57.79,-152.4072,63.91,34,1,9.22
239,Calatayud,ES,2021-06-07 04:25:54,41.3535,-1.6432,63.18,65,2,0.34
240,Pangnirtung,CA,2021-06-07 04:25:54,66.1451,-65.7125,29.48,89,96,3.44
241,Matay,EG,2021-06-07 04:25:55,28.419,30.7792,67.24,61,4,12.37
242,Upernavik,GL,2021-06-07 04:25:55,72.7868,-56.1549,34.3,82,19,5.77
243,Keti Bandar,PK,2021-06-07 04:25:55,24.1447,67.4497,86.74,62,80,14.83
244,Khorixas,NA,2021-06-07 04:25:56,-20.3667,14.9667,56.61,42,3,11.56
245,New Norfolk,AU,2021-06-07 04:25:56,-42.7826,147.0587,63.91,49,100,5.99
246,Helsinki,FI,2021-06-07 04:25:56,60.1695,24.9355,64.11,68,0,3.0
247,Ukiah,US,2021-06-07 04:25:57,39.1502,-123.2078,67.03,42,1,9.22
248,Ilulissat,GL,2021-06-07 04:25:57,69.2167,-51.1,37.42,81,0,0.0
249,Lahad Datu,MY,2021-06-07 04:25:57,5.0268,118.327,80.4,82,100,2.48
250,Iquitos,PE,2021-06-07 04:25:57,-3.7481,-73.2472,77.04,94,75,3.44
251,Caririacu,BR,2021-06-07 04:25:58,-7.0422,-39.2836,71.69,69,20,3.51
252,Nanticoke,US,2021-06-07 04:25:58,41.2054,-76.0049,75.11,91,14,2.64
253,Tukrah,LY,2021-06-07 04:25:58,32.5341,20.5791,69.76,55,26,2.95
254,Kolobrzeg,PL,2021-06-07 04:25:59,54.1757,15.5834,56.97,84,2,6.13
255,Codrington,AU,2021-06-07 04:25:59,-38.2667,141.9667,65.46,47,100,25.41
256,Black Diamond,US,2021-06-07 04:25:59,47.3087,-122.0032,50.29,92,69,1.01
257,Pasni,PK,2021-06-07 04:26:00,25.2631,63.471,84.52,69,51,6.78
258,Half Moon Bay,US,2021-06-07 04:24:24,37.4636,-122.4286,63.77,72,20,1.01
259,Nandurbar,IN,2021-06-07 04:26:00,21.3667,74.25,86.32,58,50,13.35
260,Olafsvik,IS,2021-06-07 04:25:36,64.8945,-23.7142,46.69,87,99,2.71
261,Kuytun,RU,2021-06-07 04:26:00,54.3419,101.5036,61.79,43,15,6.13
262,Sakaiminato,JP,2021-06-07 04:26:01,35.55,133.2333,87.78,35,75,6.91
263,Sakakah,SA,2021-06-07 04:26:01,29.9697,40.2064,81.97,19,0,3.06
264,Inhambane,MZ,2021-06-07 04:26:02,-23.865,35.3833,67.68,73,82,10.74
265,Dourbali,TD,2021-06-07 04:26:02,11.8091,15.8632,84.96,44,97,3.02
266,Recreio,BR,2021-06-07 04:26:02,-21.525,-42.4692,64.74,93,86,2.66
267,Sao Gabriel Da Cachoeira,BR,2021-06-07 04:26:02,-0.1303,-67.0892,73.26,97,97,0.47
268,Abu Samrah,SY,2021-06-07 04:26:03,35.3029,37.1841,67.64,39,0,5.44
269,Hirara,JP,2021-06-07 04:24:28,24.8,125.2833,82.26,89,75,17.27
270,Alamor,EC,2021-06-07 04:26:03,-4.0181,-80.0197,59.09,98,100,1.61
271,Pisco,PE,2021-06-07 04:26:03,-13.7,-76.2167,62.65,88,90,1.14
272,Saint George,US,2021-06-07 04:24:30,37.1041,-113.5841,90.19,8,1,17.27
273,Baculin,PH,2021-06-07 04:26:04,7.4525,126.5842,82.56,80,87,4.74
274,Blanes,ES,2021-06-07 04:26:04,41.6742,2.7904,66.31,100,0,5.01
275,Provideniya,RU,2021-06-07 04:22:39,64.3833,-173.3,44.71,61,75,4.47
276,Indian Head,US,2021-06-07 04:26:05,38.6001,-77.1622,81.21,83,1,4.61
277,Kapoeta,SS,2021-06-07 04:26:05,4.7717,33.5903,74.86,53,27,4.32
278,Bathsheba,BB,2021-06-07 04:26:05,13.2167,-59.5167,81.21,65,40,19.46
279,Tuatapere,NZ,2021-06-07 04:21:17,-46.1333,167.6833,49.82,79,6,3.33
280,Maceio,BR,2021-06-07 04:24:15,-9.6658,-35.7353,72.84,94,0,1.39
281,Bahia Blanca,AR,2021-06-07 04:26:06,-38.7196,-62.2724,51.6,48,100,8.3
282,Vao,NC,2021-06-07 04:26:06,-22.6667,167.4833,69.73,62,22,15.19
283,Conde,BR,2021-06-07 04:26:06,-7.2597,-34.9075,74.66,88,75,7.96
284,Waingapu,ID,2021-06-07 04:26:07,-9.6567,120.2641,85.01,65,88,13.27
285,Obo,CF,2021-06-07 04:26:07,5.3998,26.4869,66.16,97,100,1.92
286,Fortuna,US,2021-06-07 04:26:07,40.5982,-124.1573,55.33,86,20,8.05
287,Nouadhibou,MR,2021-06-07 04:26:08,20.931,-17.0347,67.98,77,96,17.27
288,Lata,PT,2021-06-07 04:26:08,40.1629,-8.3327,61.21,94,7,1.25
289,Notre-Dame-Du-Lac,CA,2021-06-07 04:26:09,47.6136,-68.7964,69.24,98,91,4.23
290,Praya,CV,2021-06-07 04:23:18,14.9215,-23.5087,77.54,44,0,18.41
291,College,US,2021-06-07 04:24:50,64.8569,-147.8028,70.12,43,40,8.05
292,Gumia,IN,2021-06-07 04:26:09,23.7833,85.8167,95.16,35,97,7.4
293,Warri,NG,2021-06-07 04:26:10,5.5167,5.75,70.5,95,92,2.39
294,Severo-Kurilsk,RU,2021-06-07 04:22:51,50.6789,156.125,43.81,92,100,14.32
295,Aktau,KZ,2021-06-07 04:25:09,43.65,51.2,72.18,67,11,8.37
296,Riacho De Santana,BR,2021-06-07 04:26:10,-13.6092,-42.9389,68.16,75,84,5.68
297,Cervo,ES,2021-06-07 04:26:10,43.6702,-7.4101,57.96,88,45,9.01
298,Nikolskoye,RU,2021-06-07 04:21:57,59.7035,30.7861,64.8,71,87,2.8
299,Ketchikan,US,2021-06-07 04:23:42,55.3422,-131.6461,51.78,87,40,10.36
300,Trairi,BR,2021-06-07 04:24:52,-3.2778,-39.2689,76.42,85,7,7.16
301,Valdivia,CL,2021-06-07 04:25:33,-39.8142,-73.2459,37.49,97,93,2.06
302,Norman Wells,CA,2021-06-07 04:25:07,65.282,-126.8329,51.84,76,75,4.61
303,La Serena,CL,2021-06-07 04:26:11,-29.9078,-71.2542,54.91,82,90,3.44
304,Antofagasta,CL,2021-06-07 04:26:12,-23.65,-70.4,56.48,69,62,5.32
305,Banda Aceh,ID,2021-06-07 04:21:47,5.5577,95.3222,85.59,63,99,10.27
306,General Roca,AR,2021-06-07 04:22:26,-39.0333,-67.5833,46.8,47,96,7.56
307,Cidreira,BR,2021-06-07 04:26:12,-30.1811,-50.2056,62.29,78,91,13.02
308,Deep River,CA,2021-06-07 04:26:13,46.1001,-77.4995,71.35,89,68,4.88
309,Saint-Pierre,RE,2021-06-07 04:21:14,-21.3393,55.4781,71.24,88,90,21.85
310,Thinadhoo,MV,2021-06-07 04:26:13,0.5333,72.9333,83.39,72,52,12.48
311,Campbellton,CA,2021-06-07 04:26:13,48.0075,-66.6727,54.05,93,64,3.71
312,Angoche,MZ,2021-06-07 04:26:14,-16.2325,39.9086,72.34,73,96,11.01
313,Mogadishu,SO,2021-06-07 04:23:43,2.0371,45.3438,80.47,69,75,16.11
314,Madaba,JO,2021-06-07 04:26:14,31.5833,35.6667,68.68,53,0,1.99
315,Blackfoot,US,2021-06-07 04:26:14,43.1905,-112.345,70.61,44,23,3.78
316,Hamilton,US,2021-06-07 04:24:58,39.1834,-84.5333,72.79,92,1,6.2
317,Zhigansk,RU,2021-06-07 04:22:35,66.7697,123.3711,45.99,85,100,19.91
318,Husavik,IS,2021-06-07 04:24:44,66.0449,-17.3389,44.51,72,33,9.24
319,Vitim,RU,2021-06-07 04:26:15,59.4511,112.5578,62.15,27,39,10.67
320,Havoysund,NO,2021-06-07 04:26:15,70.9963,24.6622,52.68,58,10,8.34
321,Fairbanks,US,2021-06-07 04:26:16,64.8378,-147.7164,70.14,43,1,5.75
322,Timra,SE,2021-06-07 04:26:16,62.487,17.3257,60.67,88,90,4.61
323,Skibbereen,IE,2021-06-07 04:26:16,51.55,-9.2667,48.0,89,69,6.76
324,Bethel,US,2021-06-07 04:26:17,41.3712,-73.414,77.29,77,20,0.0
325,Bereda,ES,2021-06-07 04:26:17,43.2686,-7.5406,53.91,96,86,3.62
326,Krasnoarmeyskiy,RU,2021-06-07 04:26:17,47.0114,42.2072,59.77,82,100,11.12
327,Shu,KZ,2021-06-07 04:26:18,43.5983,73.7614,87.21,27,1,5.88
328,Shahreza,IR,2021-06-07 04:25:28,32.0339,51.8794,82.89,11,0,6.69
329,Aleksandrov Gay,RU,2021-06-07 04:26:18,50.147,48.5704,66.94,69,39,6.15
330,Flagstaff,US,2021-06-07 04:24:22,35.1981,-111.6513,65.12,25,1,1.99
331,Carutapera,BR,2021-06-07 04:26:18,-1.195,-46.02,74.73,93,22,5.14
332,Kualakapuas,ID,2021-06-07 04:26:19,-3.0091,114.3876,87.96,48,45,3.38
333,Abatskoye,RU,2021-06-07 04:26:19,56.2875,70.4555,68.99,51,8,10.4
334,Pyapon,MM,2021-06-07 04:26:19,16.2833,95.6833,82.35,76,100,7.67
335,Togur,RU,2021-06-07 04:26:20,58.3631,82.8265,57.45,64,100,7.47
336,Burns Lake,CA,2021-06-07 04:26:20,54.2331,-125.7533,49.42,56,100,4.76
337,Miranda,CO,2021-06-07 04:26:20,3.2499,-76.2281,66.33,94,100,4.52
338,Daru,PG,2021-06-07 04:26:21,-9.0763,143.2092,78.37,89,93,17.29
339,Pithiviers,FR,2021-06-07 04:26:21,48.1667,2.25,56.95,73,100,5.35
340,Ormstown,CA,2021-06-07 04:26:22,45.1334,-73.9992,82.54,76,65,14.45
341,Sao Filipe,CV,2021-06-07 04:26:22,14.8961,-24.4956,73.24,77,9,10.85
342,Mitu,CO,2021-06-07 04:26:22,1.1983,-70.1733,71.51,99,100,1.92
343,Yinchuan,CN,2021-06-07 04:26:23,38.4681,106.2731,82.98,26,26,4.05
344,Clyde River,CA,2021-06-07 04:26:23,70.4692,-68.5914,35.83,87,90,16.11
345,Sinegorye,RU,2021-06-07 04:26:23,62.0788,150.477,61.16,50,100,1.83
346,Parana,AR,2021-06-07 04:26:24,-31.732,-60.5238,49.55,79,6,8.23
347,Kankon,IN,2021-06-07 04:26:24,15.0167,74.0167,84.0,70,57,5.14
348,Srednekolymsk,RU,2021-06-07 04:26:24,67.45,153.6833,51.93,53,95,12.91
349,Aksarka,RU,2021-06-07 04:26:25,66.5606,67.7975,42.94,45,11,5.88
350,Ponta Delgada,PT,2021-06-07 04:26:25,37.7333,-25.6667,63.32,88,20,0.0
351,Naze,JP,2021-06-07 04:21:33,28.3667,129.4833,77.92,93,100,8.01
352,Ancud,CL,2021-06-07 04:23:43,-41.8697,-73.8203,53.22,89,100,17.34
353,Yar-Sale,RU,2021-06-07 04:26:11,66.8333,70.8333,41.65,52,92,9.89
354,Presidente Medici,BR,2021-06-07 04:26:25,-11.1753,-61.9014,73.35,79,88,2.62
355,Chipata,ZM,2021-06-07 04:26:26,-13.6333,32.65,48.24,96,53,6.42
356,Hede,CN,2021-06-07 04:24:34,33.7681,120.2517,98.78,13,100,14.76
357,Alta Floresta,BR,2021-06-07 04:26:26,-9.8756,-56.0861,73.02,64,100,3.71
358,Santa Fe,AR,2021-06-07 04:26:27,-31.6333,-60.7,50.0,74,6,4.0
359,Leh,IN,2021-06-07 04:26:28,34.1667,77.5833,55.13,19,0,3.27
360,Asau,RO,2021-06-07 04:22:15,46.4333,26.4,54.39,88,26,3.87
361,Lavrentiya,RU,2021-06-07 04:24:14,65.5833,-171.0,34.74,85,89,6.02
362,Nhulunbuy,AU,2021-06-07 04:26:28,-12.2333,136.7667,81.21,74,75,11.5
363,Mange,SL,2021-06-07 04:26:29,8.9167,-12.85,75.6,94,100,1.48
364,Springdale,US,2021-06-07 04:22:05,36.1867,-94.1288,69.01,93,1,5.14
365,Hay River,CA,2021-06-07 04:26:29,60.8156,-115.7999,44.58,76,75,3.44
366,Nemuro,JP,2021-06-07 04:25:23,43.3236,145.575,70.23,84,36,6.35
367,Tefe,BR,2021-06-07 04:26:30,-3.3542,-64.7114,75.13,88,78,2.55
368,Sagauli,IN,2021-06-07 04:26:30,26.7833,84.7333,96.01,36,51,4.43
369,Nyandoma,RU,2021-06-07 04:26:30,61.669,40.1991,48.07,65,60,9.55
370,Avanigadda,IN,2021-06-07 04:26:31,16.0215,80.9181,93.34,45,39,10.38
371,Manica,FR,2021-06-07 04:26:31,49.0,-1.1667,51.21,96,59,1.5
372,Takaka,NZ,2021-06-07 04:26:31,-40.85,172.8,60.98,89,98,4.32
373,Lazaro Cardenas,MX,2021-06-07 04:26:32,17.9583,-102.2,81.32,79,92,4.38
374,Puerto Cabello,VE,2021-06-07 04:26:32,10.4731,-68.0125,77.95,82,100,4.74
375,Boda,CF,2021-06-07 04:26:32,4.3189,17.4695,68.29,97,91,2.57
376,La Cruz,MX,2021-06-07 04:26:33,23.9167,-106.9,78.48,89,39,1.32
377,Jashpurnagar,IN,2021-06-07 04:26:33,22.9,84.15,92.89,32,21,12.64
378,Mount Pleasant,US,2021-06-07 04:24:30,32.7941,-79.8626,79.0,94,90,3.0
379,Chippewa Falls,US,2021-06-07 04:25:04,44.9369,-91.3929,78.98,67,1,11.43
380,Bada,RU,2021-06-07 04:26:34,51.392,109.8717,45.97,93,100,2.68
381,Faanui,PF,2021-06-07 04:25:38,-16.4833,-151.75,81.28,76,31,11.07
382,Bengkulu,ID,2021-06-07 04:22:45,-3.8004,102.2655,83.35,67,54,3.69
383,Saskylakh,RU,2021-06-07 04:26:34,71.9167,114.0833,44.83,42,99,7.11
384,Majenang,ID,2021-06-07 04:26:34,-7.2975,108.7642,87.71,62,76,4.27
385,Road Town,VG,2021-06-07 04:26:35,18.4167,-64.6167,80.69,76,100,19.33
386,Kitaibaraki,JP,2021-06-07 04:26:35,36.7833,140.75,86.9,57,100,6.49
387,Aklavik,CA,2021-06-07 04:24:50,68.2191,-135.0107,45.32,41,11,9.1
388,Anito,PH,2021-06-07 04:26:36,12.4497,125.2886,86.31,66,100,3.29
389,Mengyin,CN,2021-06-07 04:26:36,35.7069,117.9264,94.33,22,100,14.99
390,Gonaives,HT,2021-06-07 04:26:36,19.45,-72.6833,77.45,82,5,6.38
391,Tsabong,BW,2021-06-07 04:26:36,-26.0217,22.401,46.15,61,0,12.62
392,Sola,VU,2021-06-07 04:26:37,-13.8833,167.55,80.33,74,73,13.98
393,Cairns,AU,2021-06-07 04:23:37,-16.9167,145.7667,82.11,66,90,10.36
394,Papara,BR,2021-06-07 04:26:37,-3.9839,-38.7273,77.4,91,29,2.89
395,Ligayan,PH,2021-06-07 04:26:38,4.6533,119.4706,82.54,72,86,7.31
396,Minot,US,2021-06-07 04:22:01,48.2325,-101.2963,64.62,32,1,11.5
397,Leningradskiy,RU,2021-06-07 04:25:18,69.3833,178.4167,43.95,65,9,17.09
398,Saint-Augustin,CA,2021-06-07 04:26:38,51.226,-58.6502,46.98,80,100,8.93
399,Hornepayne,CA,2021-06-07 04:26:38,49.2138,-84.7705,69.93,66,0,13.98
400,Sheridan,US,2021-06-07 04:26:39,44.8333,-106.9173,73.65,51,1,1.01
401,Glendive,US,2021-06-07 04:26:39,47.1053,-104.7125,62.49,38,1,6.91
402,Rasht,IR,2021-06-07 04:24:30,37.2808,49.5832,69.62,100,90,4.61
403,Pevek,RU,2021-06-07 04:26:40,69.7008,170.3133,50.94,59,4,15.23
404,Ambilobe,MG,2021-06-07 04:22:28,-13.2,49.05,70.43,88,63,3.42
405,Gravdal,NO,2021-06-07 04:26:40,68.1214,13.5031,51.69,93,75,2.3
406,Pacific Grove,US,2021-06-07 04:26:40,36.6177,-121.9166,59.02,79,90,3.0
407,Sioux Lookout,CA,2021-06-07 04:26:41,50.1001,-91.917,68.38,56,1,8.05
408,San Quintin,MX,2021-06-07 04:26:41,30.4833,-115.95,67.44,78,33,6.71
409,Bonanza,NI,2021-06-07 04:26:42,14.0289,-84.591,71.38,99,14,0.96
410,Broken Hill,AU,2021-06-07 04:26:42,-31.95,141.4333,62.31,39,65,18.41
411,Zhigalovo,RU,2021-06-07 04:26:42,54.8097,105.1578,63.36,34,90,4.92
412,Pyay,MM,2021-06-07 04:26:43,18.8167,95.2167,96.66,43,96,5.55
413,Port Moresby,PG,2021-06-07 04:26:43,-9.4431,147.1797,85.42,70,40,17.27
414,Kieta,PG,2021-06-07 04:26:43,-6.2167,155.6333,84.42,72,21,4.59
415,Vezirkopru,TR,2021-06-07 04:26:44,41.1436,35.4547,55.89,78,22,1.66
416,Boras,SE,2021-06-07 04:26:44,57.721,12.9401,61.83,90,86,1.48
417,Colac,AU,2021-06-07 04:26:44,-38.3333,143.5833,63.16,55,100,19.69
418,Kutum,SD,2021-06-07 04:26:44,14.2,24.6667,73.6,20,15,3.33
419,Changji,CN,2021-06-07 04:26:45,44.0167,87.3167,74.19,28,0,7.92
420,Seydi,TM,2021-06-07 04:26:45,39.4816,62.9137,92.73,18,36,15.7
421,Gayduk,RU,2021-06-07 04:26:45,44.7849,37.7005,62.08,85,99,10.02
422,Mitsamiouli,KM,2021-06-07 04:26:46,-11.3847,43.2844,78.3,69,11,13.44
423,Tokur,RU,2021-06-07 04:26:46,53.1333,132.9,68.88,44,70,7.9
424,Albert,FR,2021-06-07 04:26:46,50.0009,2.651,51.98,96,20,6.91
425,Paso De Carrasco,UY,2021-06-07 04:26:47,-34.8603,-56.0522,48.34,87,75,6.91
426,Rognan,NO,2021-06-07 04:26:47,67.0953,15.3878,55.76,89,100,3.4
427,Labuhan,ID,2021-06-07 04:26:20,-6.8844,112.2051,87.35,61,91,2.19
428,Inirida,CO,2021-06-07 04:26:48,3.8653,-67.9239,72.05,99,63,2.89
429,Pampas,PE,2021-06-07 04:26:48,-12.4,-74.9,48.0,88,86,0.29
430,Mandalgovi,MN,2021-06-07 04:26:48,45.7625,106.2708,55.81,47,0,16.71
431,Oranjestad,AW,2021-06-07 04:26:49,12.524,-70.027,82.35,83,20,4.0
432,Bumba,CD,2021-06-07 04:26:49,2.1833,22.4667,70.75,96,100,0.98
433,Winfield,US,2021-06-07 04:26:49,37.2398,-96.9956,74.77,83,20,5.75
434,Tadine,NC,2021-06-07 04:26:50,-21.55,167.8833,71.71,65,100,14.54
435,Madang,PG,2021-06-07 04:26:50,-5.2246,145.7966,80.35,80,100,4.05
436,Mercedes,AR,2021-06-07 04:26:50,-34.6515,-59.4307,50.86,86,91,6.51
437,Laguna,US,2021-06-07 04:22:17,38.421,-121.4238,79.18,44,1,5.99
438,Tezu,IN,2021-06-07 04:26:50,27.9167,96.1667,75.47,95,97,2.21
439,Pochutla,MX,2021-06-07 04:26:51,15.7432,-96.4661,77.83,88,100,4.74
440,Meridian,US,2021-06-07 04:26:00,43.6121,-116.3915,65.25,36,1,4.0
441,Fairview,US,2021-06-07 04:24:06,40.8126,-73.999,82.22,62,20,3.44
442,Kampot,KH,2021-06-07 04:26:52,10.6167,104.1833,77.05,86,100,11.27
443,Teya,RU,2021-06-07 04:26:52,60.3778,92.6267,53.94,63,83,13.76
444,Belawan,ID,2021-06-07 04:26:52,3.7755,98.6832,88.09,63,79,3.04
445,Naryan-Mar,RU,2021-06-07 04:22:32,67.6713,53.087,40.48,55,95,15.39
446,Kangaatsiaq,GL,2021-06-07 04:26:53,68.3065,-53.4641,37.06,87,27,9.35
447,Prince Albert,CA,2021-06-07 04:22:48,53.2001,-105.7677,49.95,100,20,4.61
448,Radhanpur,IN,2021-06-07 04:26:53,23.8333,71.6,91.89,53,6,12.12
449,Nanortalik,GL,2021-06-07 04:24:01,60.1432,-45.2371,42.28,76,100,7.49
450,Maumere,ID,2021-06-07 04:26:54,-8.6199,122.2111,82.36,72,63,3.29
451,Verkhniy Uslon,RU,2021-06-07 04:26:54,55.7701,48.9823,70.02,68,1,4.18
452,Kidal,ML,2021-06-07 04:26:55,18.4411,1.4078,89.22,13,15,6.96
453,Marathon,US,2021-06-07 04:26:55,44.9,-89.7668,75.15,77,1,10.83
454,Neuquen,AR,2021-06-07 04:26:56,-38.9516,-68.0591,46.29,71,0,0.0
455,Fare,PF,2021-06-07 04:25:26,-16.7,-151.0167,80.87,77,39,9.66
456,Maloy,NO,2021-06-07 04:26:56,61.9353,5.1136,54.73,87,12,8.34
457,San Matias,BO,2021-06-07 04:26:56,-16.3667,-58.4,77.68,48,83,1.88
458,Srandakan,ID,2021-06-07 04:24:14,-7.9386,110.2506,68.74,68,49,8.41
459,Nyurba,RU,2021-06-07 04:26:57,63.2842,118.3319,57.31,29,46,17.11
460,Teyateyaneng,LS,2021-06-07 04:26:57,-29.1472,27.7489,34.74,80,0,2.51
461,Labrea,BR,2021-06-07 04:26:58,-7.2586,-64.7981,72.79,96,100,1.03
462,Balakhta,RU,2021-06-07 04:26:58,55.38,91.6,60.67,78,97,14.5
463,Guasdualito,VE,2021-06-07 04:26:58,7.2424,-70.7324,70.45,97,100,3.0
464,Borogontsy,RU,2021-06-07 04:26:59,62.6683,131.1683,58.46,54,99,16.51
465,San Carlos De Bariloche,AR,2021-06-07 04:26:07,-41.1456,-71.3082,34.75,84,100,6.64
466,Hami,CN,2021-06-07 04:26:07,42.8,93.45,78.13,10,3,11.16
467,Humaita,BR,2021-06-07 04:26:59,-7.5061,-63.0208,73.58,94,100,1.48
468,Kununurra,AU,2021-06-07 04:26:10,-15.7667,128.7333,87.78,20,10,4.61
469,Buin,CL,2021-06-07 04:26:59,-33.7333,-70.75,62.06,56,100,2.06
470,Grand Gaube,MU,2021-06-07 04:27:00,-20.0064,57.6608,76.37,78,14,3.0
471,At-Bashi,KG,2021-06-07 04:25:38,41.1702,75.8106,62.33,55,76,2.71
472,Morro Bay,US,2021-06-07 04:27:00,35.3658,-120.8499,58.08,85,42,4.0
473,Birobidzhan,RU,2021-06-07 04:27:00,48.8,132.95,79.68,34,19,7.65
474,Lethem,GY,2021-06-07 04:27:01,3.3803,-59.7968,74.61,90,23,8.41
475,Tebingtinggi,ID,2021-06-07 04:27:01,3.3285,99.1625,87.85,56,78,2.51
476,Coquimbo,CL,2021-06-07 04:27:01,-29.9533,-71.3436,55.13,82,90,2.66
477,Cazanesti,RO,2021-06-07 04:27:02,44.6167,27.0167,60.8,79,0,2.35
478,Isangel,VU,2021-06-07 04:24:22,-19.55,169.2667,75.31,69,75,11.5
479,Mendi,PG,2021-06-07 04:27:02,-6.1761,143.6513,63.23,89,100,1.97
480,Petropavlovsk-Kamchatskiy,RU,2021-06-07 04:27:03,53.0452,158.6483,46.99,93,75,4.05
481,Aranos,NA,2021-06-07 04:26:27,-24.1333,19.1167,45.28,62,0,14.9
482,Adrar,MR,2021-06-07 04:25:34,20.5022,-10.0711,88.11,14,0,17.45
483,Jizan,SA,2021-06-07 04:27:03,17.3333,42.6667,86.94,61,21,5.82
484,Tual,ID,2021-06-07 04:22:42,-5.6667,132.75,81.39,79,90,13.15
485,Richards Bay,ZA,2021-06-07 04:25:46,-28.783,32.0377,56.52,81,1,7.56
486,Bilma,NE,2021-06-07 04:27:04,18.6853,12.9164,84.9,19,86,7.56
487,Saulkrasti,LV,2021-06-07 04:27:04,57.2622,24.4147,64.35,75,1,3.8
488,Komsomolskiy,UZ,2021-06-07 04:26:34,40.4272,71.7189,90.82,28,81,2.3
489,Gizo,SB,2021-06-07 04:23:11,-8.103,156.8419,84.92,68,70,3.29
490,Tarija,BO,2021-06-07 04:25:19,-21.5355,-64.7296,52.99,65,52,0.87
491,San Policarpo,PH,2021-06-07 04:27:05,12.1791,125.5072,83.14,74,89,3.83
492,Uruzgan,AF,2021-06-07 04:27:05,32.8333,66.0,86.09,10,0,5.97
493,Namatanai,PG,2021-06-07 04:23:23,-3.6667,152.4333,83.75,69,71,4.9
494,Dobson,US,2021-06-07 04:25:59,36.3957,-80.7226,72.45,96,90,1.21
495,Akyab,MM,2021-06-07 04:26:42,20.15,92.9,82.08,85,100,8.66
496,Bac Lieu,VN,2021-06-07 04:26:42,9.285,105.7244,91.38,55,99,17.18
497,Mabaruma,GY,2021-06-07 04:27:06,8.2,-59.7833,73.0,99,89,2.51
498,Walvis Bay,NA,2021-06-07 04:27:06,-22.9575,14.5053,70.75,26,0,12.59
499,Jalu,LY,2021-06-07 04:22:27,29.0331,21.5482,71.2,36,0,9.1
500,Apple Valley,US,2021-06-07 04:22:57,34.5008,-117.1859,72.55,39,19,14.72
501,Hoa Binh,VN,2021-06-07 04:27:07,20.8133,105.3383,91.29,87,100,3.06
502,Havre-Saint-Pierre,CA,2021-06-07 04:27:07,50.2334,-63.5986,43.16,87,75,0.0
503,Cherskiy,RU,2021-06-07 04:22:47,68.75,161.3,71.29,33,87,20.36
504,Ankang,CN,2021-06-07 04:25:53,32.68,109.0172,90.95,38,100,1.3
505,Dudinka,RU,2021-06-07 04:27:08,69.4058,86.1778,34.59,79,99,8.86
506,Kamenka,RU,2021-06-07 04:27:08,51.3223,42.7678,59.76,84,95,3.65
507,Agarak,AM,2021-06-07 04:27:08,39.2068,46.5446,56.97,90,98,1.81
508,Esperance,AU,2021-06-07 04:24:24,-33.8667,121.9,55.24,58,87,26.04
509,Moth,IN,2021-06-07 04:27:09,25.7167,78.95,99.37,29,38,10.6
510,Nchelenge,ZM,2021-06-07 04:27:09,-9.3451,28.734,60.21,78,23,6.69
511,Pasighat,IN,2021-06-07 04:27:09,28.0667,95.3333,77.61,91,96,0.45
512,Sartell,US,2021-06-07 04:24:36,45.6216,-94.2069,84.72,42,75,8.75
513,Noeux-Les-Mines,FR,2021-06-07 04:27:10,50.4801,2.6657,53.67,92,26,2.33
514,Kiunga,PG,2021-06-07 04:22:48,-6.1219,141.2906,81.36,89,97,3.85
515,Portree,GB,2021-06-07 04:27:10,57.4129,-6.1942,48.85,74,100,4.07
516,Masvingo,ZW,2021-06-07 04:27:10,-20.0637,30.8277,52.05,88,92,8.9
517,Kyzyl-Suu,KG,2021-06-07 04:27:11,42.3414,78.0056,66.16,49,100,5.48
518,Alice Springs,AU,2021-06-07 04:25:14,-23.7,133.8833,74.21,21,19,11.99
519,Ndele,CF,2021-06-07 04:27:11,8.4109,20.6473,69.57,92,94,4.07
520,Jertih,MY,2021-06-07 04:27:11,5.7336,102.4897,89.47,61,100,1.48
521,Taltal,CL,2021-06-07 04:27:12,-25.4,-70.4833,60.01,76,0,4.34
522,Dwarka,IN,2021-06-07 04:27:12,22.2394,68.9678,87.08,63,17,11.72
523,Thomasville,US,2021-06-07 04:27:13,35.8826,-80.082,73.42,96,94,1.99
524,San Cristobal,VE,2021-06-07 04:27:13,7.7669,-72.225,65.71,98,100,2.82
525,Beira,MZ,2021-06-07 04:27:13,-19.8436,34.8389,64.49,100,75,10.36
526,Hlukhiv,UA,2021-06-07 04:27:13,51.6782,33.9162,55.87,94,50,7.43
527,Jalingo,NG,2021-06-07 04:27:14,8.8833,11.3667,74.39,94,99,3.44
528,Hofn,IS,2021-06-07 04:24:49,64.2539,-15.2082,47.01,97,100,12.21
529,Villamontes,BO,2021-06-07 04:27:14,-21.25,-63.5,62.37,84,100,1.7
530,Asfi,MA,2021-06-07 04:26:50,32.2994,-9.2372,65.55,90,0,11.9
531,Shiraz,IR,2021-06-07 04:27:15,29.6036,52.5388,87.24,13,0,0.0
532,San Juan,AR,2021-06-07 04:27:15,-31.5375,-68.5364,63.73,64,1,1.41
533,Caravelas,BR,2021-06-07 04:27:15,-17.7125,-39.2481,71.92,85,42,3.51
534,Vardo,NO,2021-06-07 04:27:15,70.3705,31.1107,43.0,72,7,7.02
535,Santa Vitoria Do Palmar,BR,2021-06-07 04:25:53,-33.5189,-53.3681,50.72,79,8,6.13
536,Yarada,IN,2021-06-07 04:23:48,17.65,83.2667,91.72,55,20,13.94
537,Katsuura,JP,2021-06-07 04:26:25,35.1333,140.3,77.04,82,98,4.52
538,Alamosa,US,2021-06-07 04:27:16,37.4695,-105.87,57.18,72,1,4.61
539,Gayny,RU,2021-06-07 04:27:16,60.3071,54.3241,63.73,57,94,8.25
540,Skoghall,SE,2021-06-07 04:27:17,59.3232,13.4655,59.56,94,93,6.15
541,Ilo,PE,2021-06-07 04:27:17,-17.6394,-71.3375,62.13,84,83,5.03
542,Sale,MA,2021-06-07 04:27:17,34.0389,-6.8166,63.75,100,0,3.44
543,Manggar,ID,2021-06-07 04:27:18,-2.8833,108.2667,87.08,63,19,11.39
544,Bata,GQ,2021-06-07 04:27:18,1.8639,9.7658,76.64,89,99,0.67
545,Plouzane,FR,2021-06-07 04:27:18,48.3833,-4.6167,57.29,94,90,4.9
546,Nakamura,JP,2021-06-07 04:27:18,32.9833,132.9333,79.77,56,100,4.07
547,Smithers,CA,2021-06-07 04:24:02,54.7804,-127.1743,53.92,54,40,11.5
548,Gillette,US,2021-06-07 04:27:06,44.2911,-105.5022,67.05,53,2,24.0
549,Kavaratti,IN,2021-06-07 04:23:07,10.5669,72.642,82.62,76,100,12.62
550,Massakory,TD,2021-06-07 04:27:19,12.996,15.7293,86.81,49,40,6.22
551,Melilla,ES,2021-06-07 04:27:19,35.2937,-2.9383,66.58,88,0,1.14
552,Idenao,CM,2021-06-07 04:27:20,4.2475,9.0047,72.84,91,99,0.94
553,Tambo,PE,2021-06-07 04:27:20,-14.8,-73.9167,32.07,44,9,1.43
554,Kuvandyk,RU,2021-06-07 04:27:20,51.4781,57.3552,66.51,44,98,7.16
555,Pangai,TO,2021-06-07 04:27:21,-19.8,-174.35,78.91,69,75,6.91
556,Coari,BR,2021-06-07 04:27:21,-4.085,-63.1414,74.91,90,84,2.37
557,Valguarnera Caropepe,IT,2021-06-07 04:27:21,37.4955,14.3888,64.6,52,77,3.78
558,Cap Malheureux,MU,2021-06-07 04:27:22,-19.9842,57.6142,76.46,78,12,3.0
559,Oxapampa,PE,2021-06-07 04:27:22,-10.5775,-75.4017,57.51,98,68,2.62
560,Ahipara,NZ,2021-06-07 04:25:42,-35.1667,173.1667,61.74,88,98,10.96
561,Mzimba,MW,2021-06-07 04:25:15,-11.9,33.6,54.82,87,96,10.47
562,Zeya,RU,2021-06-07 04:27:23,53.75,127.2667,84.47,22,20,6.73
563,Kaseda,JP,2021-06-07 04:25:19,31.4167,130.3167,81.63,66,100,2.64
564,San Patricio,US,2021-06-07 04:25:39,28.017,-97.5169,82.89,90,4,15.05
565,Rocha,UY,2021-06-07 04:27:23,-34.4833,-54.3333,45.72,89,97,3.18
566,Kwekwe,ZW,2021-06-07 04:27:24,-18.9281,29.8149,45.25,96,28,6.62
567,Oum Hadjer,TD,2021-06-07 04:27:24,13.2954,19.6966,85.3,45,69,8.81
568,Healesville,AU,2021-06-07 04:27:24,-37.65,145.5167,64.02,71,100,1.01
569,Calabozo,VE,2021-06-07 04:27:24,8.9242,-67.4293,74.44,89,95,2.01
570,Kanniyakumari,IN,2021-06-07 04:27:25,8.0833,77.5667,84.06,74,37,16.98
571,Yeppoon,AU,2021-06-07 04:25:52,-23.1333,150.7333,74.98,69,32,10.96
572,Dibrugarh,IN,2021-06-07 04:27:25,27.4833,94.9,75.25,100,90,4.72
573,Kichera,RU,2021-06-07 04:27:15,55.9375,110.0997,59.0,44,100,2.35
574,Yozgat,TR,2021-06-07 04:27:26,39.5833,35.3333,55.36,57,6,1.95
575,Turukhansk,RU,2021-06-07 04:24:47,65.8167,87.9833,38.32,60,85,10.33
576,Parambu,BR,2021-06-07 04:27:26,-6.2111,-40.6944,69.76,68,63,3.6
577,Dunedin,NZ,2021-06-07 04:27:26,-45.8742,170.5036,51.8,75,69,14.0
578,Gigmoto,PH,2021-06-07 04:27:27,13.7796,124.39,85.91,72,100,6.17
579,Boysun,UZ,2021-06-07 04:27:27,38.2061,67.1986,88.12,16,0,3.31
580,Brae,GB,2021-06-07 04:27:27,60.3964,-1.353,42.71,78,97,2.19
581,Great Falls,US,2021-06-07 04:25:05,47.5002,-111.3008,56.16,47,90,4.0
582,Nizwa,OM,2021-06-07 04:26:27,22.9333,57.5333,90.3,42,5,3.0
583,Gamba,GA,2021-06-07 04:23:45,-2.65,10.0,74.57,96,100,4.65
584,Turayf,SA,2021-06-07 04:27:28,31.6725,38.6637,70.05,32,0,16.11
585,Zimapan,MX,2021-06-07 04:27:28,20.75,-99.35,66.07,69,94,3.65
586,Cooma,AU,2021-06-07 04:27:28,-36.2333,149.1333,53.37,50,99,9.62
587,Norton,ZW,2021-06-07 04:27:29,-17.8833,30.7,29.08,92,68,7.81
588,Brigantine,US,2021-06-07 04:25:29,39.4101,-74.3646,76.01,90,1,12.12
589,Severobaykalsk,RU,2021-06-07 04:27:29,55.65,109.3167,52.12,50,100,0.78
590,Maningrida,AU,2021-06-07 04:25:12,-12.0667,134.2667,86.16,53,8,9.86
591,Srostki,RU,2021-06-07 04:27:29,52.4189,85.7022,65.35,66,7,6.58
592,Am Timan,TD,2021-06-07 04:27:30,11.0297,20.2827,80.69,61,92,4.03
593,Monte Patria,CL,2021-06-07 04:27:30,-30.6919,-70.9467,59.5,68,98,1.52
594,Dzhankoy,UA,2021-06-07 04:27:30,45.7167,34.4,59.56,80,67,9.6
595,Kargopol,RU,2021-06-07 04:27:31,61.5071,38.9456,51.1,65,45,10.63
596,Karratha,AU,2021-06-07 04:23:30,-20.7377,116.8463,82.27,32,26,18.66
597,Antigonish,CA,2021-06-07 04:27:31,45.6169,-61.9986,53.82,88,60,5.32
598,Gat,IL,2021-06-07 04:27:29,31.61,34.7642,72.39,100,0,2.1
599,West Bay,KY,2021-06-07 04:23:32,19.3667,-81.4167,82.99,82,15,3.0
600,Wanning,CN,2021-06-07 04:23:32,18.8003,110.3967,89.47,63,30,7.76
601,Pryyutivka,UA,2021-06-07 04:27:32,48.7209,33.0708,58.24,84,64,7.2
602,Miyako,JP,2021-06-07 04:27:32,39.6367,141.9525,75.34,52,70,2.26
603,Krasnoselkup,RU,2021-06-07 04:26:02,65.7,82.4667,38.57,63,95,11.48
604,George,ZA,2021-06-07 04:27:32,-33.963,22.4617,72.95,20,0,9.22
605,Funadhoo,MV,2021-06-07 04:27:32,6.15,73.2667,82.35,78,100,15.99
606,Izumo,JP,2021-06-07 04:27:33,35.3667,132.7667,87.75,39,75,9.42
607,Cockburn Town,TC,2021-06-07 04:26:41,21.4612,-71.1419,79.74,78,7,22.01
608,Takoradi,GH,2021-06-07 04:27:33,4.8845,-1.7554,78.67,86,38,8.75
609,Eyl,SO,2021-06-07 04:27:34,7.9803,49.8164,81.21,73,2,23.06
610,Basco,PH,2021-06-07 04:27:34,20.4487,121.9702,83.43,76,100,11.1
611,Mumbwa,ZM,2021-06-07 04:27:34,-14.9783,27.0619,50.25,81,34,7.47
612,Juan Lacaze,UY,2021-06-07 04:27:34,-34.4342,-57.4381,43.12,84,99,12.01
613,Yarim,YE,2021-06-07 04:27:35,14.298,44.3779,63.37,52,13,2.1
614,Gao,ML,2021-06-07 04:23:02,16.6362,1.637,85.89,39,5,13.09
615,Makubetsu,JP,2021-06-07 04:27:35,45.3714,141.8211,60.51,77,40,17.27
616,Hailey,US,2021-06-07 04:27:36,43.5196,-114.3153,60.66,42,1,4.61
617,Elverum,NO,2021-06-07 04:27:36,60.8819,11.5623,59.59,86,97,3.56
618,Marienburg,PL,2021-06-07 04:27:36,54.0359,19.0266,59.05,70,6,3.65
619,Porto Calvo,BR,2021-06-07 04:27:36,-9.045,-35.3983,72.75,91,40,3.49
620,Talaya,RU,2021-06-07 04:27:37,61.3833,152.75,58.96,48,100,7.43
621,Maragogi,BR,2021-06-07 04:27:37,-9.0122,-35.2225,74.35,86,43,4.94
622,Takhtamygda,RU,2021-06-07 04:27:37,54.1,123.5667,84.61,24,13,7.56
623,Russell,US,2021-06-07 04:23:14,32.3502,-85.1999,74.91,88,75,3.56
624,Vanavara,RU,2021-06-07 04:24:31,60.34,102.2797,39.43,94,100,4.03
625,Mangaratiba,BR,2021-06-07 04:27:36,-22.9597,-44.0406,72.03,80,54,4.21
626,Kurilsk,RU,2021-06-07 04:24:45,45.2333,147.8833,47.86,95,81,8.43
627,Jakar,BT,2021-06-07 04:27:38,27.5492,90.7525,62.42,89,99,3.0
628,Bara,NG,2021-06-07 04:27:38,10.3744,10.7288,76.8,80,24,6.82
629,Chivilcoy,AR,2021-06-07 04:27:39,-34.8957,-60.0167,48.94,64,93,7.0
630,Gazli,UZ,2021-06-07 04:27:39,40.1333,63.45,93.96,17,1,15.37
631,Harrisonburg,US,2021-06-07 04:27:39,38.4496,-78.8689,73.78,91,1,2.64
632,Senanga,ZM,2021-06-07 04:27:39,-16.1167,23.2667,47.93,76,43,5.08
633,Tumaco,CO,2021-06-07 04:27:40,1.7986,-78.8156,75.49,95,100,12.8
634,Prince Rupert,CA,2021-06-07 04:27:40,54.3161,-130.3201,50.09,81,1,4.61
635,Avera,US,2021-06-07 04:27:40,33.194,-82.5271,73.27,94,100,7.05
636,Krasnyy Chikoy,RU,2021-06-07 04:27:41,50.3643,108.7512,37.63,100,100,2.21
637,Tutoia,BR,2021-06-07 04:27:41,-2.7619,-42.2744,78.37,83,20,3.91
638,Mamallapuram,IN,2021-06-07 04:27:41,12.6264,80.1722,91.45,60,82,11.5
639,Lerik,AZ,2021-06-07 04:27:42,38.7726,48.4128,61.52,81,91,2.44
640,Grand-Santi,GF,2021-06-07 04:27:42,4.25,-54.3833,71.53,99,100,2.08
641,Rajpura,IN,2021-06-07 04:27:42,30.4831,76.595,99.66,22,1,1.72
642,Nsukka,NG,2021-06-07 04:27:43,6.8561,7.3927,69.84,97,99,1.01
643,Acarau,BR,2021-06-07 04:27:43,-2.8856,-40.12,76.44,86,9,7.7
644,Sabratah,LY,2021-06-07 04:27:43,32.7933,12.4885,75.49,53,85,4.03
645,Urambo,TZ,2021-06-07 04:27:44,-5.0667,32.05,60.53,76,20,4.23
646,Alyangula,AU,2021-06-07 04:27:44,-13.8483,136.4192,82.27,61,40,8.46
647,Te Anau,NZ,2021-06-07 04:27:13,-45.4167,167.7167,46.8,83,0,0.69
648,Mpika,ZM,2021-06-07 04:27:44,-11.8343,31.4529,47.25,94,24,6.17
649,Praia Da Vitoria,PT,2021-06-07 04:27:45,38.7333,-27.0667,63.75,88,40,5.84
650,Hambantota,LK,2021-06-07 04:23:45,6.1241,81.1185,85.37,68,98,16.67
651,Matagami,CA,2021-06-07 04:27:45,49.7502,-77.6328,73.51,68,1,12.28
652,Harper,LR,2021-06-07 04:27:45,4.375,-7.7169,78.49,85,100,7.47
653,Arawa,PG,2021-06-07 04:27:46,-6.2132,155.5367,86.04,69,23,4.45
654,Port Hedland,AU,2021-06-07 04:27:46,-20.3167,118.5667,87.85,19,46,16.11
655,Kelheim,DE,2021-06-07 04:27:46,48.9167,11.8667,61.95,98,95,2.15
656,Pinega,RU,2021-06-07 04:27:47,64.7001,43.3936,44.04,49,5,7.63
657,Krasnokamensk,RU,2021-06-07 04:27:47,50.0979,118.0369,79.84,23,0,12.12
658,Luocheng,CN,2021-06-07 04:27:47,29.3848,104.0286,76.41,66,100,4.65
659,Grand-Lahou,CI,2021-06-07 04:27:48,5.1367,-5.0242,78.42,88,37,7.36
660,Manadhoo,MV,2021-06-07 04:27:48,5.7667,73.3833,82.56,77,100,16.89
661,Khasan,RU,2021-06-07 04:27:48,42.4308,130.6434,63.09,71,32,5.77
662,Bichura,RU,2021-06-07 04:27:48,50.5881,107.6022,43.57,96,100,1.88
663,Buriti,BR,2021-06-07 04:27:49,-22.9302,-45.3881,63.18,78,76,1.01
664,Klyuchi,RU,2021-06-07 04:27:49,52.2667,79.1667,73.81,32,1,6.24
665,Matamoros,MX,2021-06-07 04:27:50,25.5333,-103.25,86.11,19,0,1.9
666,Zhangye,CN,2021-06-07 04:27:50,38.9342,100.4517,75.06,24,17,7.27
667,Bestobe,KZ,2021-06-07 04:27:50,52.4994,73.0975,71.56,30,0,4.47
668,Whitehorse,CA,2021-06-07 04:23:16,60.7161,-135.0538,56.17,47,75,8.05
669,Gushikawa,JP,2021-06-07 04:27:51,26.3544,127.8686,85.59,74,75,11.56
670,Harlingen,US,2021-06-07 04:27:51,26.1906,-97.6961,82.35,70,1,17.27
671,Udachnyy,RU,2021-06-07 04:27:51,66.4167,112.4,43.39,75,79,25.14
672,Elesbao Veloso,BR,2021-06-07 04:27:52,-6.2019,-42.1403,76.8,56,97,2.1
673,Bowen,AU,2021-06-07 04:27:52,-20.0167,148.2333,71.82,64,94,16.2
674,Levelland,US,2021-06-07 04:27:52,33.5873,-102.378,79.2,40,71,11.65
675,Riyadh,SA,2021-06-07 04:23:49,24.6877,46.7219,95.14,10,0,10.36
